{
  "/home/saber/GitHub/nexus/README.md": 1777416970.6099734,
  "/home/saber/GitHub/nexus/agents/__init__.py": 1777466192.4154575,
  "/home/saber/GitHub/nexus/agents/base.py": 1777466126.7979784,
  "/home/saber/GitHub/nexus/agents/coder.py": 1777466161.791802,
  "/home/saber/GitHub/nexus/agents/debugger.py": 1777529514.673024,
  "/home/saber/GitHub/nexus/agents/planner.py": 1777466144.1001928,
  "/home/saber/GitHub/nexus/config.py": 1777417373.0939555,
  "/home/saber/GitHub/nexus/data/test_output.txt": 1777466023.8303435,
  "/home/saber/GitHub/nexus/llm/__init__.py": 1777465197.1557765,
  "/home/saber/GitHub/nexus/llm/client.py": 1777465136.1272516,
  "/home/saber/GitHub/nexus/llm/prompts.py": 1777465718.063864,
  "/home/saber/GitHub/nexus/llm/router.py": 1777465177.716921,
  "/home/saber/GitHub/nexus/main.py": 1777529652.7454078,
  "/home/saber/GitHub/nexus/memory/memory_store.py": 1777529929.8173628,
  "/home/saber/GitHub/nexus/orchestrator/__init__.py": 1777466380.209723,
  "/home/saber/GitHub/nexus/orchestrator/agent_loop.py": 1777529377.1350327,
  "/home/saber/GitHub/nexus/rag/__init__.py": 1777417587.8219268,
  "/home/saber/GitHub/nexus/rag/indexer.py": 1777529898.6353722,
  "/home/saber/GitHub/nexus/rag/retriever.py": 1777529909.9171984,
  "/home/saber/GitHub/nexus/test_phase00.py": 1777417374.9598503,
  "/home/saber/GitHub/nexus/test_phase01.py": 1777418054.1337662,
  "/home/saber/GitHub/nexus/test_phase02.py": 1777465405.2820637,
  "/home/saber/GitHub/nexus/test_phase03.py": 1777466004.4868398,
  "/home/saber/GitHub/nexus/test_phase04.py": 1777466214.6838999,
  "/home/saber/GitHub/nexus/test_phase05.py": 1777466404.1736355,
  "/home/saber/GitHub/nexus/test_phase06.py": 1777529546.1948566,
  "/home/saber/GitHub/nexus/tools/__init__.py": 1777465978.808718,
  "/home/saber/GitHub/nexus/tools/base.py": 1777465871.0146866,
  "/home/saber/GitHub/nexus/tools/file_tool.py": 1777465896.6158133,
  "/home/saber/GitHub/nexus/tools/git_tool.py": 1777465962.6641846,
  "/home/saber/GitHub/nexus/tools/python_exec.py": 1777465946.8668625,
  "/home/saber/GitHub/nexus/tools/terminal_tool.py": 1777465920.4648497,
  "/home/saber/GitHub/nexus/data/indexes/default.mtimes.json": 1777530359.0470014
}