{
  "/home/saber/GitHub/nexus/README.md": 1777416970.6099734,
  "/home/saber/GitHub/nexus/config.py": 1777417373.0939555,
  "/home/saber/GitHub/nexus/main.py": 1777416970.6079733,
  "/home/saber/GitHub/nexus/rag/__init__.py": 1777417587.8219268,
  "/home/saber/GitHub/nexus/rag/indexer.py": 1777418048.030729,
  "/home/saber/GitHub/nexus/rag/retriever.py": 1777418051.9420738,
  "/home/saber/GitHub/nexus/test_phase00.py": 1777417374.9598503,
  "/home/saber/GitHub/nexus/test_phase01.py": 1777418054.1337662
}